model,row_type,condition,method,best_setting,strict_goal_passed,strict_goal_configs,recall_kept_configs,avg_recall,avg_violation,recall@3,violation@3,recall@5,violation@5,recall@7,violation@7,recall@9,violation@9,source_csv
text-embedding-3-small,baseline,baseline,original_retrieval,,,,,0.946,0.88225,0.931,0.835,0.946,0.883,0.953,0.9,0.954,0.911,results/excluir_1000_text_embedding_3_small_rewriter_gpt4o_mini_v3_oracle_style_trap_no_target_top3579/score_anti_rrf_results.csv
text-embedding-3-small,best_setting,baseline - q_trap,score_anti_rrf_no_target_call_a0.75_b0.1,"candidate_top_n=all, alpha=0.75, beta=0.1",True,13,25,0.94775,0.78125,0.933,0.706,0.948,0.774,0.953,0.81,0.957,0.835,results/excluir_1000_text_embedding_3_small_rewriter_gpt4o_mini_v3_oracle_style_trap_no_target_top3579/score_anti_rrf_results.csv
text-embedding-3-small,best_setting,q_target - q_trap,score_target_minus_trap_c20_g0.5_b0.5,"candidate_top_n=20, alpha=0.5, gamma=0.5, beta=0.5",False,0,0,0.8865000000000001,0.0615,0.85,0.039,0.885,0.053,0.901,0.07,0.91,0.084,results/excluir_1000_text_embedding_3_small_rewriter_gpt4o_mini_v3_oracle_style_trap_target_minus_trap_top3579/score_anti_rrf_results.csv
Qwen/Qwen3-Embedding-0.6B,baseline,baseline,original_retrieval,,,,,0.94575,0.7414999999999999,0.931,0.669,0.942,0.739,0.953,0.771,0.957,0.787,results/excluir_1000_qwen3_embedding_0_6b_rewriter_gpt4o_mini_v3_oracle_style_trap_no_target_top3579/score_anti_rrf_results.csv
Qwen/Qwen3-Embedding-0.6B,best_setting,baseline - q_trap,score_anti_rrf_no_target_call_a1.5_b0.1,"candidate_top_n=all, alpha=1.5, beta=0.1",True,2,4,0.9464999999999999,0.663,0.931,0.593,0.944,0.659,0.954,0.687,0.957,0.713,results/excluir_1000_qwen3_embedding_0_6b_rewriter_gpt4o_mini_v3_oracle_style_trap_no_target_top3579/score_anti_rrf_results.csv
Qwen/Qwen3-Embedding-0.6B,best_setting,q_target - q_trap,score_target_minus_trap_c20_g0.5_b0.5,"candidate_top_n=20, alpha=0.5, gamma=0.5, beta=0.5",False,0,0,0.8935,0.052,0.847,0.03,0.895,0.051,0.911,0.059,0.921,0.068,results/excluir_1000_qwen3_embedding_0_6b_rewriter_gpt4o_mini_v3_oracle_style_trap_target_minus_trap_top3579/score_anti_rrf_results.csv
Qwen/Qwen3-Embedding-4B,baseline,baseline,original_retrieval,,,,,0.94525,0.75175,0.935,0.694,0.943,0.748,0.947,0.775,0.956,0.79,results/excluir_1000_qwen3_embedding_4b_rewriter_gpt4o_mini_v3_oracle_style_trap_no_target_top3579/score_anti_rrf_results.csv
Qwen/Qwen3-Embedding-4B,best_setting,baseline - q_trap,score_anti_rrf_no_target_call_a1_b0.75,"candidate_top_n=all, alpha=1.0, beta=0.75",False,0,4,0.904,0.05775,0.892,0.048,0.903,0.058,0.907,0.059,0.914,0.066,results/excluir_1000_qwen3_embedding_4b_rewriter_gpt4o_mini_v3_oracle_style_trap_no_target_top3579/score_anti_rrf_results.csv
Qwen/Qwen3-Embedding-4B,best_setting,q_target - q_trap,score_target_minus_trap_call_g0.5_b0.3,"candidate_top_n=all, alpha=0.5, gamma=0.5, beta=0.3",False,0,0,0.90175,0.059250000000000004,0.881,0.047,0.902,0.056,0.907,0.065,0.917,0.069,results/excluir_1000_qwen3_embedding_4b_rewriter_gpt4o_mini_v3_oracle_style_trap_target_minus_trap_top3579/score_anti_rrf_results.csv
